<?xml version="1.0" encoding="UTF-8"?>
<project-private xmlns="http://www.netbeans.org/ns/project-private/1">
    <editor-bookmarks xmlns="http://www.netbeans.org/ns/editor-bookmarks/2" lastBookmarkId="0"/>
    <open-files xmlns="http://www.netbeans.org/ns/projectui-open-files/2">
        <group>
            <file>file:/C:/Users/danie/Documents/NetBeansProjects/Proyecto/src/proyecto/Fabrica.java</file>
            <file>file:/C:/Users/danie/Documents/NetBeansProjects/Proyecto/src/proyecto/Tecnologia.java</file>
            <file>file:/C:/Users/danie/Documents/NetBeansProjects/Proyecto/src/proyecto/Hyundai.java</file>
            <file>file:/C:/Users/danie/Documents/NetBeansProjects/Proyecto/src/proyecto/Computador.java</file>
            <file>file:/C:/Users/danie/Documents/NetBeansProjects/Proyecto/src/proyecto/Main.java</file>
            <file>file:/C:/Users/danie/Documents/NetBeansProjects/Proyecto/src/proyecto/ConexionBaseDeDatos.java</file>
            <file>file:/C:/Users/danie/Documents/NetBeansProjects/Proyecto/src/proyecto/Lenovo.java</file>
            <file>file:/C:/Users/danie/Documents/NetBeansProjects/Proyecto/src/proyecto/Electronico.java</file>
            <file>file:/C:/Users/danie/Documents/NetBeansProjects/Proyecto/src/proyecto/Portatil.java</file>
        </group>
    </open-files>
</project-private>
